{"textures":{"0":"freeminecraftmodels:entity/texture"},"display":{"head":{"translation":[3.1999999999999975,-16.000000000000004,-6.68],"scale":[4.0,4.0,4.0]}},"elements":[{"from":[7.200000000000001,6.4,8.87],"to":[8.8,11.2,10.47],"uv_offset":[0.0,36.0],"faces":{"north":{"uv":[0.5,5.0,1.0,6.5],"texture":"#0","tintindex":0,"rotation":0},"east":{"uv":[0.0,5.0,0.5,6.5],"texture":"#0","tintindex":0,"rotation":0},"south":{"uv":[1.5,5.0,2.0,6.5],"texture":"#0","tintindex":0,"rotation":0},"west":{"uv":[1.0,5.0,1.5,6.5],"texture":"#0","tintindex":0,"rotation":0},"up":{"uv":[1.0,5.0,0.5,4.5],"texture":"#0","tintindex":0,"rotation":0},"down":{"uv":[1.5,4.5,1.0,5.0],"texture":"#0","tintindex":0,"rotation":0}},"rotation":{"origin":[7.200000000000001,10.400000000000002,9.67],"angle":0.0,"axis":"x"}},{"from":[7.120000000000001,7.2,8.79],"to":[8.92,10.0,10.59],"uv_offset":[48.0,27.0],"faces":{"north":{"uv":[6.5,3.875,7.0,4.75],"texture":"#0","tintindex":0,"rotation":0},"east":{"uv":[6.0,3.875,6.5,4.75],"texture":"#0","tintindex":0,"rotation":0},"south":{"uv":[7.5,3.875,8.0,4.75],"texture":"#0","tintindex":0,"rotation":0},"west":{"uv":[7.0,3.875,7.5,4.75],"texture":"#0","tintindex":0,"rotation":0},"up":{"uv":[7.0,3.875,6.5,3.375],"texture":"#0","tintindex":0,"rotation":0},"down":{"uv":[7.5,3.375,7.0,3.875],"texture":"#0","tintindex":0,"rotation":0}},"rotation":{"origin":[5.6000000000000005,1.6000000000000005,9.67],"angle":0.0,"axis":"x"}},{"from":[7.08,4.800000000000001,8.75],"to":[8.96,7.6000000000000005,10.629999999999999],"rotation":{"origin":[8.0,7.200000000000001,9.67],"angle":45.0,"axis":"x"},"uv_offset":[68.0,0.0],"faces":{"north":{"uv":[9.0,0.5,9.5,1.375],"texture":"#0","tintindex":0,"rotation":0},"east":{"uv":[8.5,0.5,9.0,1.375],"texture":"#0","tintindex":0,"rotation":0},"south":{"uv":[10.0,0.5,10.5,1.375],"texture":"#0","tintindex":0,"rotation":0},"west":{"uv":[9.5,0.5,10.0,1.375],"texture":"#0","tintindex":0,"rotation":0},"up":{"uv":[9.5,0.5,9.0,0.0],"texture":"#0","tintindex":0,"rotation":0},"down":{"uv":[10.0,0.0,9.5,0.5],"texture":"#0","tintindex":0,"rotation":0}}},{"from":[7.120000000000001,4.880000000000001,5.87],"to":[8.92,6.6000000000000005,8.67],"uv_offset":[88.0,15.0],"faces":{"north":{"uv":[11.875,2.75,12.375,3.25],"texture":"#0","tintindex":0,"rotation":0},"east":{"uv":[11.0,2.75,11.875,3.25],"texture":"#0","tintindex":0,"rotation":0},"south":{"uv":[13.25,2.75,13.75,3.25],"texture":"#0","tintindex":0,"rotation":0},"west":{"uv":[12.375,2.75,13.25,3.25],"texture":"#0","tintindex":0,"rotation":0},"up":{"uv":[12.375,2.75,11.875,1.875],"texture":"#0","tintindex":0,"rotation":0},"down":{"uv":[12.875,1.875,12.375,2.75],"texture":"#0","tintindex":0,"rotation":0}},"rotation":{"origin":[8.0,5.6000000000000005,8.469999999999999],"angle":0.0,"axis":"x"}},{"from":[6.9,5.6000000000000005,5.37],"to":[9.100000000000001,9.600000000000001,7.57],"rotation":{"origin":[8.0,5.6000000000000005,6.47],"angle":-45.0,"axis":"x"},"uv_offset":[68.0,11.0],"faces":{"north":{"uv":[9.125,2.0,9.75,3.25],"texture":"#0","tintindex":0,"rotation":0},"east":{"uv":[8.5,2.0,9.125,3.25],"texture":"#0","tintindex":0,"rotation":0},"south":{"uv":[10.375,2.0,11.0,3.25],"texture":"#0","tintindex":0,"rotation":0},"west":{"uv":[9.75,2.0,10.375,3.25],"texture":"#0","tintindex":0,"rotation":0},"up":{"uv":[9.75,2.0,9.125,1.375],"texture":"#0","tintindex":0,"rotation":0},"down":{"uv":[10.375,1.375,9.75,2.0],"texture":"#0","tintindex":0,"rotation":0}}}]}