{"textures":{"0":"freeminecraftmodels:entity/texture"},"display":{"head":{"scale":[4.0,4.0,4.0],"translation":[-0.0,2.6399999999999935,0.7999999999999972]}},"elements":[{"from":[6.4,5.74,6.200000000000001],"to":[9.6,8.940000000000001,9.4],"faces":{"north":{"uv":[1.0,1.0,2.0,2.0],"texture":"#0","tintindex":0,"rotation":0},"east":{"uv":[0.0,1.0,1.0,2.0],"texture":"#0","tintindex":0,"rotation":0},"south":{"uv":[3.0,1.0,4.0,2.0],"texture":"#0","tintindex":0,"rotation":0},"west":{"uv":[2.0,1.0,3.0,2.0],"texture":"#0","tintindex":0,"rotation":0},"up":{"uv":[2.0,1.0,1.0,0.0],"texture":"#0","tintindex":0,"rotation":0},"down":{"uv":[3.0,0.0,2.0,1.0],"texture":"#0","tintindex":0,"rotation":0}},"rotation":{"origin":[8.0,-3.8599999999999994,7.800000000000001],"angle":0.0,"axis":"x"}},{"from":[8.8,6.74,6.6000000000000005],"to":[10.0,9.14,7.800000000000001],"rotation":{"origin":[8.4,7.54000000000001,5.0],"angle":-42.7,"axis":"x"},"uv_offset":[56.0,0.0],"faces":{"north":{"uv":[7.375,0.375,7.75,1.125],"texture":"#0","tintindex":0,"rotation":0},"east":{"uv":[7.0,0.375,7.375,1.125],"texture":"#0","tintindex":0,"rotation":0},"south":{"uv":[8.125,0.375,8.5,1.125],"texture":"#0","tintindex":0,"rotation":0},"west":{"uv":[7.75,0.375,8.125,1.125],"texture":"#0","tintindex":0,"rotation":0},"up":{"uv":[7.75,0.375,7.375,0.0],"texture":"#0","tintindex":0,"rotation":0},"down":{"uv":[8.125,0.0,7.75,0.375],"texture":"#0","tintindex":0,"rotation":0}}},{"from":[9.28,9.46,6.280000000000001],"to":[10.48,10.26,8.680000000000001],"rotation":{"origin":[9.6,9.740000000000002,5.800000000000001],"angle":-5.7,"axis":"x"},"uv_offset":[54.0,52.0],"faces":{"north":{"uv":[7.5,7.25,7.875,7.5],"texture":"#0","tintindex":0,"rotation":0},"east":{"uv":[6.75,7.25,7.5,7.5],"texture":"#0","tintindex":0,"rotation":0},"south":{"uv":[8.625,7.25,9.0,7.5],"texture":"#0","tintindex":0,"rotation":0},"west":{"uv":[7.875,7.25,8.625,7.5],"texture":"#0","tintindex":0,"rotation":0},"up":{"uv":[7.875,7.25,7.5,6.5],"texture":"#0","tintindex":0,"rotation":0},"down":{"uv":[8.25,6.5,7.875,7.25],"texture":"#0","tintindex":0,"rotation":0}}},{"from":[9.24,10.18,8.200000000000001],"to":[10.04,10.18,9.8],"mirror_uv":true,"rotation":{"origin":[9.6,10.14,7.800000000000001],"angle":1.6,"axis":"x"},"faces":{"north":{"uv":[0.75,0.5,0.5,0.5],"texture":"#0","tintindex":0,"rotation":0},"east":{"uv":[1.25,0.5,0.75,0.5],"texture":"#0","tintindex":0,"rotation":0},"south":{"uv":[1.5,0.5,1.25,0.5],"texture":"#0","tintindex":0,"rotation":0},"west":{"uv":[0.5,0.5,0.0,0.5],"texture":"#0","tintindex":0,"rotation":0},"up":{"uv":[0.5,0.5,0.75,0.0],"texture":"#0","tintindex":0,"rotation":0},"down":{"uv":[0.75,0.0,1.0,0.5],"texture":"#0","tintindex":0,"rotation":0}}},{"from":[6.0,6.74,6.6000000000000005],"to":[7.2,9.14,7.800000000000001],"rotation":{"origin":[7.6,7.54000000000001,5.0],"angle":-42.7,"axis":"x"},"uv_offset":[0.0,52.0],"faces":{"north":{"uv":[0.375,6.875,0.75,7.625],"texture":"#0","tintindex":0,"rotation":0},"east":{"uv":[0.0,6.875,0.375,7.625],"texture":"#0","tintindex":0,"rotation":0},"south":{"uv":[1.125,6.875,1.5,7.625],"texture":"#0","tintindex":0,"rotation":0},"west":{"uv":[0.75,6.875,1.125,7.625],"texture":"#0","tintindex":0,"rotation":0},"up":{"uv":[0.75,6.875,0.375,6.5],"texture":"#0","tintindex":0,"rotation":0},"down":{"uv":[1.125,6.5,0.75,6.875],"texture":"#0","tintindex":0,"rotation":0}}},{"from":[5.52,9.46,6.280000000000001],"to":[6.72,10.26,8.680000000000001],"rotation":{"origin":[6.4,9.740000000000002,5.800000000000001],"angle":-5.7,"axis":"x"},"uv_offset":[32.0,52.0],"faces":{"north":{"uv":[4.75,7.25,5.125,7.5],"texture":"#0","tintindex":0,"rotation":0},"east":{"uv":[4.0,7.25,4.75,7.5],"texture":"#0","tintindex":0,"rotation":0},"south":{"uv":[5.875,7.25,6.25,7.5],"texture":"#0","tintindex":0,"rotation":0},"west":{"uv":[5.125,7.25,5.875,7.5],"texture":"#0","tintindex":0,"rotation":0},"up":{"uv":[5.125,7.25,4.75,6.5],"texture":"#0","tintindex":0,"rotation":0},"down":{"uv":[5.5,6.5,5.125,7.25],"texture":"#0","tintindex":0,"rotation":0}}},{"from":[5.96,10.18,8.200000000000001],"to":[6.76,10.18,9.8],"rotation":{"origin":[6.4,10.14,7.800000000000001],"angle":1.6,"axis":"x"},"uv_offset":[0.0,4.0],"faces":{"north":{"uv":[0.5,1.0,0.75,1.0],"texture":"#0","tintindex":0,"rotation":0},"east":{"uv":[0.0,1.0,0.5,1.0],"texture":"#0","tintindex":0,"rotation":0},"south":{"uv":[1.25,1.0,1.5,1.0],"texture":"#0","tintindex":0,"rotation":0},"west":{"uv":[0.75,1.0,1.25,1.0],"texture":"#0","tintindex":0,"rotation":0},"up":{"uv":[0.75,1.0,0.5,0.5],"texture":"#0","tintindex":0,"rotation":0},"down":{"uv":[1.0,0.5,0.75,1.0],"texture":"#0","tintindex":0,"rotation":0}}}]}