{"textures":{"0":"freeminecraftmodels:entity/texture"},"display":{"head":{"scale":[4.0,4.0,4.0],"translation":[0.05180000000000007,-2.264000000000003,-1.4399999999999977]}},"elements":[{"from":[6.38705,5.366,6.76],"to":[9.58705,8.566,9.959999999999999],"faces":{"north":{"uv":[1.0,1.0,2.0,2.0],"texture":"#0","tintindex":0,"rotation":0},"east":{"uv":[0.0,1.0,1.0,2.0],"texture":"#0","tintindex":0,"rotation":0},"south":{"uv":[3.0,1.0,4.0,2.0],"texture":"#0","tintindex":0,"rotation":0},"west":{"uv":[2.0,1.0,3.0,2.0],"texture":"#0","tintindex":0,"rotation":0},"up":{"uv":[2.0,1.0,1.0,0.0],"texture":"#0","tintindex":0,"rotation":0},"down":{"uv":[3.0,0.0,2.0,1.0],"texture":"#0","tintindex":0,"rotation":0}},"rotation":{"origin":[7.98705,-4.234,8.36],"angle":0.0,"axis":"x"}},{"from":[8.41495,8.234,6.9281999999999995],"to":[9.61495,10.634,8.1282],"rotation":{"origin":[9.18705,8.206000000000008,7.56],"angle":-45.0,"axis":"x"},"uv_offset":[56.0,0.0],"faces":{"north":{"uv":[7.375,0.375,7.75,1.125],"texture":"#0","tintindex":0,"rotation":0},"east":{"uv":[7.0,0.375,7.375,1.125],"texture":"#0","tintindex":0,"rotation":0},"south":{"uv":[8.125,0.375,8.5,1.125],"texture":"#0","tintindex":0,"rotation":0},"west":{"uv":[7.75,0.375,8.125,1.125],"texture":"#0","tintindex":0,"rotation":0},"up":{"uv":[7.75,0.375,7.375,0.0],"texture":"#0","tintindex":0,"rotation":0},"down":{"uv":[8.125,0.0,7.75,0.375],"texture":"#0","tintindex":0,"rotation":0}}},{"from":[8.26705,9.186,6.239999999999999],"to":[9.46705,9.986,8.639999999999999],"rotation":{"origin":[8.58705,9.466000000000001,5.76],"angle":-22.5,"axis":"z"},"uv_offset":[54.0,52.0],"faces":{"north":{"uv":[7.5,7.25,7.875,7.5],"texture":"#0","tintindex":0,"rotation":0},"east":{"uv":[6.75,7.25,7.5,7.5],"texture":"#0","tintindex":0,"rotation":0},"south":{"uv":[8.625,7.25,9.0,7.5],"texture":"#0","tintindex":0,"rotation":0},"west":{"uv":[7.875,7.25,8.625,7.5],"texture":"#0","tintindex":0,"rotation":0},"up":{"uv":[7.875,7.25,7.5,6.5],"texture":"#0","tintindex":0,"rotation":0},"down":{"uv":[8.25,6.5,7.875,7.25],"texture":"#0","tintindex":0,"rotation":0}}},{"from":[8.42705,9.406,8.36],"to":[9.22705,9.406,9.959999999999999],"mirror_uv":true,"rotation":{"origin":[8.78705,9.366000000000001,7.959999999999999],"angle":-22.5,"axis":"z"},"faces":{"north":{"uv":[0.75,0.5,0.5,0.5],"texture":"#0","tintindex":0,"rotation":0},"east":{"uv":[1.25,0.5,0.75,0.5],"texture":"#0","tintindex":0,"rotation":0},"south":{"uv":[1.5,0.5,1.25,0.5],"texture":"#0","tintindex":0,"rotation":0},"west":{"uv":[0.5,0.5,0.0,0.5],"texture":"#0","tintindex":0,"rotation":0},"up":{"uv":[0.5,0.5,0.75,0.0],"texture":"#0","tintindex":0,"rotation":0},"down":{"uv":[0.75,0.0,1.0,0.5],"texture":"#0","tintindex":0,"rotation":0}}},{"from":[6.38505,8.0629,6.9601],"to":[7.58505,10.4629,8.1601],"rotation":{"origin":[6.74705,8.10600000000001,7.3999999999999995],"angle":-45.0,"axis":"x"},"uv_offset":[0.0,52.0],"faces":{"north":{"uv":[0.375,6.875,0.75,7.625],"texture":"#0","tintindex":0,"rotation":0},"east":{"uv":[0.0,6.875,0.375,7.625],"texture":"#0","tintindex":0,"rotation":0},"south":{"uv":[1.125,6.875,1.5,7.625],"texture":"#0","tintindex":0,"rotation":0},"west":{"uv":[0.75,6.875,1.125,7.625],"texture":"#0","tintindex":0,"rotation":0},"up":{"uv":[0.75,6.875,0.375,6.5],"texture":"#0","tintindex":0,"rotation":0},"down":{"uv":[1.125,6.5,0.75,6.875],"texture":"#0","tintindex":0,"rotation":0}}},{"from":[6.50705,9.226,6.039999999999999],"to":[7.70705,10.026,8.44],"rotation":{"origin":[7.38705,9.406,6.159999999999999],"angle":22.5,"axis":"z"},"uv_offset":[32.0,52.0],"faces":{"north":{"uv":[4.75,7.25,5.125,7.5],"texture":"#0","tintindex":0,"rotation":0},"east":{"uv":[4.0,7.25,4.75,7.5],"texture":"#0","tintindex":0,"rotation":0},"south":{"uv":[5.875,7.25,6.25,7.5],"texture":"#0","tintindex":0,"rotation":0},"west":{"uv":[5.125,7.25,5.875,7.5],"texture":"#0","tintindex":0,"rotation":0},"up":{"uv":[5.125,7.25,4.75,6.5],"texture":"#0","tintindex":0,"rotation":0},"down":{"uv":[5.5,6.5,5.125,7.25],"texture":"#0","tintindex":0,"rotation":0}}},{"from":[6.74705,9.446,8.16],"to":[7.54705,9.446,9.76],"rotation":{"origin":[7.18705,9.406,7.76],"angle":22.5,"axis":"z"},"uv_offset":[0.0,4.0],"faces":{"north":{"uv":[0.5,1.0,0.75,1.0],"texture":"#0","tintindex":0,"rotation":0},"east":{"uv":[0.0,1.0,0.5,1.0],"texture":"#0","tintindex":0,"rotation":0},"south":{"uv":[1.25,1.0,1.5,1.0],"texture":"#0","tintindex":0,"rotation":0},"west":{"uv":[0.75,1.0,1.25,1.0],"texture":"#0","tintindex":0,"rotation":0},"up":{"uv":[0.75,1.0,0.5,0.5],"texture":"#0","tintindex":0,"rotation":0},"down":{"uv":[1.0,0.5,0.75,1.0],"texture":"#0","tintindex":0,"rotation":0}}}]}