{"textures":{"0":"modelengine:entity/stiched_texture"},"elements":[{"from":[1.8285708,8.228572,7.0857143],"to":[5.942857,13.714286,8.914286],"rotation":{"angle":0.0,"axis":"y","origin":[8.0,8.0,8.0]},"faces":{"south":{"uv":[1.6627451,1.0491803,1.0980393,4.196721],"rotation":0,"texture":"#0","tintindex":0},"north":{"uv":[1.0980393,1.0491803,1.6627451,4.196721],"rotation":0,"texture":"#0","tintindex":0},"up":{"uv":[1.6627451,1.0491803,1.0980393,0.0],"rotation":0,"texture":"#0","tintindex":0},"down":{"uv":[17.42745,5.2459016,16.862745,4.196721],"rotation":0,"texture":"#0","tintindex":0}}}],"display":{"head":{"translation":[0.0,-6.4,0.0],"scale":[4.0,4.0,4.0]}}}