{"textures":{"0":"modelengine:entity/stiched_texture"},"elements":[{"from":[7.142857,8.0,7.142857],"to":[8.857143,11.428572,8.857143],"rotation":{"angle":0.0,"axis":"y","origin":[8.0,7.142857,9.714286]},"faces":{"east":{"uv":[0.03137255,0.72131145,0.078431375,1.1147541],"rotation":0,"texture":"#0","tintindex":0},"south":{"uv":[0.17254902,0.72131145,0.21960784,1.1147541],"rotation":0,"texture":"#0","tintindex":0},"north":{"uv":[0.078431375,0.72131145,0.1254902,1.1147541],"rotation":0,"texture":"#0","tintindex":0},"west":{"uv":[0.1254902,0.72131145,0.17254902,1.1147541],"rotation":0,"texture":"#0","tintindex":0},"up":{"uv":[0.1254902,0.72131145,0.078431375,0.52459013],"rotation":0,"texture":"#0","tintindex":0},"down":{"uv":[0.17254902,0.52459013,0.1254902,0.72131145],"rotation":0,"texture":"#0","tintindex":0}}}],"display":{"head":{"translation":[0.0,-6.4,0.0],"scale":[4.0,4.0,4.0]}}}