{"textures":{"0":"modelengine:entity/stiched_texture"},"elements":[{"from":[-2.9714298,8.228572,7.0857143],"to":[-2.285715,13.714286,8.914286],"rotation":{"angle":0.0,"axis":"y","origin":[8.0,8.0,8.0]},"faces":{"east":{"uv":[0.72156864,0.0,0.76862746,0.19672132],"rotation":0,"texture":"#0","tintindex":0},"south":{"uv":[5.584314,11.803279,5.490196,14.95082],"rotation":0,"texture":"#0","tintindex":0},"north":{"uv":[5.490196,11.803279,5.584314,14.95082],"rotation":0,"texture":"#0","tintindex":0},"west":{"uv":[5.584314,11.803279,5.8352942,14.95082],"rotation":0,"texture":"#0","tintindex":0},"up":{"uv":[5.584314,11.803279,5.490196,10.754098],"rotation":0,"texture":"#0","tintindex":0},"down":{"uv":[5.4588237,16.0,5.364706,14.95082],"rotation":0,"texture":"#0","tintindex":0}}}],"display":{"head":{"translation":[0.0,-6.4,0.0],"scale":[4.0,4.0,4.0]}}}