{"textures":{"0":"modelengine:entity/stiched_texture"},"elements":[{"from":[5.942857,5.3714285,7.0857143],"to":[10.057143,10.857143,8.914286],"rotation":{"angle":0.0,"axis":"y","origin":[8.0,5.142857,8.0]},"faces":{"east":{"uv":[0.72156864,0.0,0.76862746,0.19672132],"rotation":0,"texture":"#0","tintindex":0},"south":{"uv":[5.239216,1.0491803,4.67451,4.196721],"rotation":0,"texture":"#0","tintindex":0},"north":{"uv":[4.67451,1.0491803,5.239216,4.196721],"rotation":0,"texture":"#0","tintindex":0},"west":{"uv":[0.72156864,0.0,0.76862746,0.19672132],"rotation":0,"texture":"#0","tintindex":0},"up":{"uv":[5.239216,1.0491803,4.67451,0.0],"rotation":0,"texture":"#0","tintindex":0},"down":{"uv":[15.780392,5.2459016,15.215686,4.196721],"rotation":0,"texture":"#0","tintindex":0}}}],"display":{"head":{"translation":[0.0,-6.4,0.0],"scale":[4.0,4.0,4.0]}}}