{"textures":{"0":"modelengine:entity/stiched_texture"},"elements":[{"from":[7.428571,7.142857,7.428571],"to":[8.571428,8.857143,8.571428],"rotation":{"angle":0.0,"axis":"y","origin":[8.0,3.2571425,9.6]},"faces":{"east":{"uv":[0.03137255,0.26229507,0.0627451,0.45901638],"rotation":0,"texture":"#0","tintindex":0},"south":{"uv":[0.1254902,0.26229507,0.15686275,0.45901638],"rotation":0,"texture":"#0","tintindex":0},"north":{"uv":[0.0627451,0.26229507,0.09411765,0.45901638],"rotation":0,"texture":"#0","tintindex":0},"west":{"uv":[0.09411765,0.26229507,0.1254902,0.45901638],"rotation":0,"texture":"#0","tintindex":0},"up":{"uv":[0.09411765,0.26229507,0.0627451,0.13114753],"rotation":0,"texture":"#0","tintindex":0},"down":{"uv":[0.1254902,0.13114753,0.09411765,0.26229507],"rotation":0,"texture":"#0","tintindex":0}}},{"from":[7.428571,8.857143,6.285714],"to":[8.571428,9.428572,8.571428],"rotation":{"angle":0.0,"axis":"y","origin":[8.0,3.2571425,9.6]},"faces":{"east":{"uv":[0.15686275,0.26229507,0.21960784,0.32786885],"rotation":0,"texture":"#0","tintindex":0},"south":{"uv":[0.3137255,0.26229507,0.34509805,0.32786885],"rotation":0,"texture":"#0","tintindex":0},"north":{"uv":[0.21960784,0.26229507,0.2509804,0.32786885],"rotation":0,"texture":"#0","tintindex":0},"west":{"uv":[0.2509804,0.26229507,0.3137255,0.32786885],"rotation":0,"texture":"#0","tintindex":0},"up":{"uv":[0.2509804,0.26229507,0.21960784,0.0],"rotation":0,"texture":"#0","tintindex":0},"down":{"uv":[0.28235295,0.0,0.2509804,0.26229507],"rotation":0,"texture":"#0","tintindex":0}}},{"from":[7.714286,7.714286,6.9142857],"to":[8.285714,8.857143,7.4857144],"rotation":{"angle":0.0,"axis":"y","origin":[8.0,3.2571425,9.6]},"faces":{"east":{"uv":[0.17254902,0.52459013,0.1882353,0.6557377],"rotation":0,"texture":"#0","tintindex":0},"south":{"uv":[0.21960784,0.52459013,0.23529412,0.6557377],"rotation":0,"texture":"#0","tintindex":0},"north":{"uv":[0.1882353,0.52459013,0.20392157,0.6557377],"rotation":0,"texture":"#0","tintindex":0},"west":{"uv":[0.20392157,0.52459013,0.21960784,0.6557377],"rotation":0,"texture":"#0","tintindex":0},"up":{"uv":[0.20392157,0.52459013,0.1882353,0.45901638],"rotation":0,"texture":"#0","tintindex":0},"down":{"uv":[0.21960784,0.45901638,0.20392157,0.52459013],"rotation":0,"texture":"#0","tintindex":0}}},{"from":[7.714286,7.885714,6.342857],"to":[8.285714,8.857143,6.9142857],"rotation":{"angle":0.0,"axis":"y","origin":[8.0,3.2571425,9.6]},"faces":{"east":{"uv":[0.2509804,0.52459013,0.26666668,0.59016395],"rotation":0,"texture":"#0","tintindex":0},"south":{"uv":[0.29803923,0.52459013,0.3137255,0.59016395],"rotation":0,"texture":"#0","tintindex":0},"north":{"uv":[0.26666668,0.52459013,0.28235295,0.59016395],"rotation":0,"texture":"#0","tintindex":0},"west":{"uv":[0.28235295,0.52459013,0.29803923,0.59016395],"rotation":0,"texture":"#0","tintindex":0},"up":{"uv":[0.28235295,0.52459013,0.26666668,0.45901638],"rotation":0,"texture":"#0","tintindex":0},"down":{"uv":[0.29803923,0.45901638,0.28235295,0.52459013],"rotation":0,"texture":"#0","tintindex":0}}},{"from":[7.9714284,8.457143,6.8],"to":[8.028571,11.314286,9.085714],"rotation":{"angle":0.0,"axis":"y","origin":[8.0,3.2571425,9.6]},"faces":{"east":{"uv":[0.03137255,1.4426229,0.09411765,1.7704918],"rotation":0,"texture":"#0","tintindex":0},"south":{"uv":[0.17254902,1.5737705,0.1882353,1.7704918],"rotation":0,"texture":"#0","tintindex":0},"north":{"uv":[0.09411765,1.4426229,0.09411765,1.7704918],"rotation":0,"texture":"#0","tintindex":0},"west":{"uv":[0.09411765,1.4426229,0.15686275,1.7704918],"rotation":0,"texture":"#0","tintindex":0},"up":{"uv":[0.15686275,1.704918,0.17254902,1.4426229],"rotation":0,"texture":"#0","tintindex":0},"down":{"uv":[0.09411765,1.1803279,0.09411765,1.4426229],"rotation":0,"texture":"#0","tintindex":0}}}],"display":{"head":{"translation":[0.0,-6.4,0.0],"scale":[4.0,4.0,4.0]}}}