{"textures":{"0":"modelengine:entity/stiched_texture"},"elements":[{"from":[14.171429,8.228572,7.0857143],"to":[18.285715,13.714286,8.914286],"rotation":{"angle":0.0,"axis":"y","origin":[8.0,8.0,8.0]},"faces":{"south":{"uv":[6.8392158,1.0491803,6.27451,4.196721],"rotation":0,"texture":"#0","tintindex":0},"north":{"uv":[6.27451,1.0491803,6.8392158,4.196721],"rotation":0,"texture":"#0","tintindex":0},"up":{"uv":[6.8392158,1.0491803,6.27451,0.0],"rotation":0,"texture":"#0","tintindex":0},"down":{"uv":[22.603922,5.2459016,22.039215,4.196721],"rotation":0,"texture":"#0","tintindex":0}}}],"display":{"head":{"translation":[0.0,-6.4,0.0],"scale":[4.0,4.0,4.0]}}}