{"textures":{"0":"modelengine:entity/stiched_texture"},"elements":[{"from":[14.171429,5.3714285,7.0857143],"to":[18.285715,10.857143,8.914286],"rotation":{"angle":0.0,"axis":"y","origin":[8.0,8.0,8.0]},"faces":{"east":{"uv":[0.78431374,0.06557377,0.8627451,0.26229507],"rotation":0,"texture":"#0","tintindex":0},"south":{"uv":[6.8392158,1.0491803,6.27451,4.196721],"rotation":0,"texture":"#0","tintindex":0},"north":{"uv":[6.27451,1.0491803,6.8392158,4.196721],"rotation":0,"texture":"#0","tintindex":0},"west":{"uv":[0.78431374,0.06557377,0.8627451,0.26229507],"rotation":0,"texture":"#0","tintindex":0},"up":{"uv":[6.8392158,1.0491803,6.27451,0.0],"rotation":0,"texture":"#0","tintindex":0},"down":{"uv":[15.780392,5.2459016,15.215686,4.196721],"rotation":0,"texture":"#0","tintindex":0}}}],"display":{"head":{"translation":[0.0,-6.4,0.0],"scale":[4.0,4.0,4.0]}}}