{"textures":{"0":"modelengine:entity/stiched_texture"},"elements":[{"from":[8.0,7.142857,7.9857144],"to":[8.571428,8.285714,8.0],"rotation":{"angle":0.0,"axis":"y","origin":[7.714286,7.142857,8.285714]},"faces":{"east":{"uv":[0.28235295,1.2459016,0.28235295,1.3770492],"rotation":0,"texture":"#0","tintindex":0},"south":{"uv":[0.26666668,1.2459016,0.26666668,1.3770492],"rotation":0,"texture":"#0","tintindex":0},"north":{"uv":[0.28235295,1.2459016,0.26666668,1.3770492],"rotation":0,"texture":"#0","tintindex":0},"west":{"uv":[0.26666668,1.2459016,0.26666668,1.3770492],"rotation":0,"texture":"#0","tintindex":0},"up":{"uv":[0.26666668,1.2459016,0.28235295,1.2459016],"rotation":0,"texture":"#0","tintindex":0},"down":{"uv":[0.28235295,1.2459016,0.29803923,1.2459016],"rotation":0,"texture":"#0","tintindex":0}}},{"from":[8.0,7.142857,7.428571],"to":[8.571428,7.1571426,8.0],"rotation":{"angle":0.0,"axis":"y","origin":[7.714286,7.142857,8.285714]},"faces":{"east":{"uv":[0.29803923,1.3114754,0.28235295,1.3114754],"rotation":0,"texture":"#0","tintindex":0},"south":{"uv":[0.3137255,1.3114754,0.29803923,1.3114754],"rotation":0,"texture":"#0","tintindex":0},"north":{"uv":[0.28235295,1.3114754,0.26666668,1.3114754],"rotation":0,"texture":"#0","tintindex":0},"west":{"uv":[0.26666668,1.3114754,0.2509804,1.3114754],"rotation":0,"texture":"#0","tintindex":0},"up":{"uv":[0.26666668,1.3114754,0.28235295,1.2459016],"rotation":0,"texture":"#0","tintindex":0},"down":{"uv":[0.28235295,1.2459016,0.29803923,1.3114754],"rotation":0,"texture":"#0","tintindex":0}}}],"display":{"head":{"translation":[0.0,-6.4,0.0],"scale":[4.0,4.0,4.0]}}}