{"textures":{"0":"modelengine:entity/stiched_texture"},"elements":[{"from":[-2.285715,5.3714285,7.0857143],"to":[1.8285708,10.857143,8.914286],"rotation":{"angle":0.0,"axis":"y","origin":[8.0,5.142857,8.0]},"faces":{"east":{"uv":[0.72156864,0.0,0.76862746,0.19672132],"rotation":0,"texture":"#0","tintindex":0},"south":{"uv":[11.607843,1.0491803,11.043138,4.196721],"rotation":0,"texture":"#0","tintindex":0},"north":{"uv":[11.043138,1.0491803,11.607843,4.196721],"rotation":0,"texture":"#0","tintindex":0},"west":{"uv":[0.72156864,0.0,0.76862746,0.19672132],"rotation":0,"texture":"#0","tintindex":0},"up":{"uv":[11.607843,1.0491803,11.043138,0.0],"rotation":0,"texture":"#0","tintindex":0},"down":{"uv":[11.607843,5.2459016,11.043138,4.196721],"rotation":0,"texture":"#0","tintindex":0}}}],"display":{"head":{"translation":[0.0,-6.4,0.0],"scale":[4.0,4.0,4.0]}}}