{"textures":{"0":"modelengine:entity/stiched_texture"},"elements":[{"from":[7.142857,6.285714,7.428571],"to":[8.857143,8.571428,8.0],"rotation":{"angle":0.0,"axis":"y","origin":[8.0,6.342857,7.3142858]},"faces":{"east":{"uv":[0.34509805,0.13114753,0.36078432,0.39344263],"rotation":0,"texture":"#0","tintindex":0},"south":{"uv":[0.42352942,0.13114753,0.47058824,0.39344263],"rotation":0,"texture":"#0","tintindex":0},"north":{"uv":[0.36078432,0.13114753,0.40784314,0.39344263],"rotation":0,"texture":"#0","tintindex":0},"west":{"uv":[0.40784314,0.13114753,0.42352942,0.39344263],"rotation":0,"texture":"#0","tintindex":0},"up":{"uv":[0.40784314,0.13114753,0.36078432,0.06557377],"rotation":0,"texture":"#0","tintindex":0},"down":{"uv":[0.45490196,0.06557377,0.40784314,0.13114753],"rotation":0,"texture":"#0","tintindex":0}}}],"display":{"head":{"translation":[0.0,-6.4,0.0],"scale":[4.0,4.0,4.0]}}}