{"textures":{"0":"modelengine:entity/stiched_texture"},"elements":[{"from":[7.714286,5.142857,7.142857],"to":[8.285714,8.0,8.857143],"rotation":{"angle":0.0,"axis":"y","origin":[7.142857,3.9428568,9.6]},"faces":{"east":{"uv":[0.29803923,0.72131145,0.34509805,1.0491803],"rotation":0,"texture":"#0","tintindex":0},"south":{"uv":[0.40784314,0.72131145,0.42352942,1.0491803],"rotation":0,"texture":"#0","tintindex":0},"north":{"uv":[0.34509805,0.72131145,0.36078432,1.0491803],"rotation":0,"texture":"#0","tintindex":0},"west":{"uv":[0.36078432,0.72131145,0.40784314,1.0491803],"rotation":0,"texture":"#0","tintindex":0},"up":{"uv":[0.36078432,0.72131145,0.34509805,0.52459013],"rotation":0,"texture":"#0","tintindex":0},"down":{"uv":[0.3764706,0.52459013,0.36078432,0.72131145],"rotation":0,"texture":"#0","tintindex":0}}}],"display":{"head":{"translation":[0.0,-6.4,0.0],"scale":[4.0,4.0,4.0]}}}