{"textures":{"0":"modelengine:entity/stiched_texture copy"},"elements":[{"from":[1.782857,15.68,6.5371428],"to":[7.634286,21.53143,9.462857],"rotation":{"angle":0.0,"axis":"y","origin":[8.0,8.0,8.0]},"faces":{"south":{"uv":[14.8,0.8,14.672,2.4],"rotation":0,"texture":"#0","tintindex":0},"north":{"uv":[14.672,0.8,14.8,2.4],"rotation":0,"texture":"#0","tintindex":0},"up":{"uv":[14.8,0.8,14.672,0.0],"rotation":0,"texture":"#0","tintindex":0},"down":{"uv":[14.8,3.2,14.672,2.4],"rotation":0,"texture":"#0","tintindex":0}}},{"from":[1.4171424,15.314286,6.1714287],"to":[3.6114283,19.702858,9.828571],"rotation":{"angle":0.0,"axis":"y","origin":[8.0,8.0,8.0]},"faces":{"east":{"uv":[12.0,10.6,12.004,10.65],"rotation":0,"texture":"#0","tintindex":0},"up":{"uv":[12.0,10.6,12.004,10.65],"rotation":0,"texture":"#0","tintindex":0}}},{"from":[5.805714,15.314286,6.1714287],"to":[8.0,19.702858,9.828571],"rotation":{"angle":0.0,"axis":"y","origin":[8.0,8.0,8.0]},"faces":{"west":{"uv":[12.0,10.6,12.004,10.65],"rotation":0,"texture":"#0","tintindex":0},"up":{"uv":[12.0,10.6,12.004,10.65],"rotation":0,"texture":"#0","tintindex":0}}},{"from":[8.0,21.897144,9.828571],"to":[1.4171424,15.314286,6.1714287],"rotation":{"angle":0.0,"axis":"y","origin":[8.0,8.0,8.0]},"faces":{"east":{"uv":[12.544,10.9,12.548,10.75],"rotation":0,"texture":"#0","tintindex":0},"south":{"uv":[12.544,10.9,12.556,10.75],"rotation":0,"texture":"#0","tintindex":0},"north":{"uv":[12.544,10.9,12.556,10.75],"rotation":0,"texture":"#0","tintindex":0},"west":{"uv":[12.544,10.9,12.548,10.75],"rotation":0,"texture":"#0","tintindex":0},"up":{"uv":[12.544,10.85,12.556,10.9],"rotation":0,"texture":"#0","tintindex":0},"down":{"uv":[12.0,10.6,12.004,10.65],"rotation":0,"texture":"#0","tintindex":0}}}],"display":{"head":{"translation":[0.0,-6.4,0.0],"scale":[4.0,4.0,4.0]}}}